[{"id":1,"name":"Salto en paracaidas","price":"3000","category":"Aventura","description":"Sentí la adrenalina en tu cuerpo con un salto  en paracaídas a más de 200 km/h.","location":"Mar del Plata",
    "img":"https://images.pexels.com/photos/122829/pexels-photo-122829.jpeg?auto=compress&cs=tinysrgb&dpr=2&h=650&w=940",
    "img2":"https://images.pexels.com/photos/38447/parachute-skydiving-parachuting-jumping-38447.jpeg?auto=compress&cs=tinysrgb&dpr=2&h=650&w=940", 
    "img3":"https://images.pexels.com/photos/2162670/pexels-photo-2162670.jpeg?auto=compress&cs=tinysrgb&dpr=2&h=650&w=940", 
    "img4":"https://images.pexels.com/photos/2232707/pexels-photo-2232707.jpeg?auto=compress&cs=tinysrgb&dpr=2&h=650&w=940" ,
    "img5": "https://images.pexels.com/photos/39608/tandem-skydivers-skydivers-teamwork-cooperation-39608.jpeg?auto=compress&cs=tinysrgb&dpr=2&h=650&w=940" , "destacado":0},
{"id":2,"name":"Rafting","price":"1000","category":"Aventura","description":"Dejate llevar por la corriente.","location":"Mendoza",
    "img":"https://images.pexels.com/photos/1732278/pexels-photo-1732278.jpeg?auto=compress&cs=tinysrgb&dpr=2&h=650&w=940",
    "img2":"https://images.pexels.com/photos/1732281/pexels-photo-1732281.jpeg?auto=compress&cs=tinysrgb&dpr=2&h=650&w=940",
    "img3":"https://images.pexels.com/photos/1732284/pexels-photo-1732284.jpeg?auto=compress&cs=tinysrgb&dpr=2&h=650&w=940",
    "img4":"https://images.pexels.com/photos/2348108/pexels-photo-2348108.jpeg?auto=compress&cs=tinysrgb&dpr=2&h=650&w=940",
    "img5": "https://images.pexels.com/photos/1615766/pexels-photo-1615766.jpeg?auto=compress&cs=tinysrgb&dpr=2&h=650&w=940",
    "destacado":1},
    {"id":3,"name":"Dia de spa","price":"2000","category":"Bienestar","description":"Veni a disfrutar un dia de tratamientos corporales estéticos y de relajación en una atmósfera única","location":"CABA",
    "img":"https://images.pexels.com/photos/3212179/pexels-photo-3212179.jpeg?auto=compress&cs=tinysrgb&dpr=2&h=650&w=940",
    "img2":"https://images.pexels.com/photos/374071/pexels-photo-374071.jpeg?auto=compress&cs=tinysrgb&dpr=2&h=650&w=940",
    "img3":"https://images.pexels.com/photos/3738349/pexels-photo-3738349.jpeg?auto=compress&cs=tinysrgb&dpr=2&h=650&w=940",
    "img4":"https://images.pexels.com/photos/3738348/pexels-photo-3738348.jpeg?auto=compress&cs=tinysrgb&dpr=2&h=650&w=940",
    "img5":"https://images.pexels.com/photos/3775165/pexels-photo-3775165.jpeg?auto=compress&cs=tinysrgb&dpr=2&h=650&w=940",
    "destacado":0},
    {"id":4,"name":"Masaje relajante","price":"1500","category":"Bienestar","description":"Te ofrecemos unas variedad de masajes para soltar todos tus nudos","location":"CABA",
    "img":"https://images.pexels.com/photos/3865796/pexels-photo-3865796.jpeg?auto=compress&cs=tinysrgb&dpr=2&h=650&w=940",
    "img2":"https://images.pexels.com/photos/3865793/pexels-photo-3865793.jpeg?auto=compress&cs=tinysrgb&dpr=2&h=650&w=940",
    "img3":"https://images.pexels.com/photos/3757952/pexels-photo-3757952.jpeg?auto=compress&cs=tinysrgb&dpr=2&h=650&w=940",
    "img4":"https://images.pexels.com/photos/3757657/pexels-photo-3757657.jpeg?auto=compress&cs=tinysrgb&dpr=2&h=650&w=940",
    "img5":"https://images.pexels.com/photos/7700/pexels-photo.jpg?auto=compress&cs=tinysrgb&dpr=2&h=650&w=940","destacado":0},
    {"id":5,"name":"Desayuno","price":"800","category":"Gastronomía","description":"Disfrutá un desayuno clásico en cafés históricos o una combinación de sabores en cafés delí y gourmet.","location":"CABA",
    "img":"https://images.pexels.com/photos/323503/pexels-photo-323503.jpeg?auto=compress&cs=tinysrgb&dpr=2&h=650&w=940",
    "img2":"https://images.pexels.com/photos/302899/pexels-photo-302899.jpeg?auto=compress&cs=tinysrgb&dpr=2&h=650&w=940",
    "img3":"https://images.pexels.com/photos/324028/pexels-photo-324028.jpeg?auto=compress&cs=tinysrgb&dpr=2&h=650&w=940",
    "img4":"https://images.pexels.com/photos/1724194/pexels-photo-1724194.jpeg?auto=compress&cs=tinysrgb&dpr=1&w=500https://images.pexels.com/photos/1724194/pexels-photo-1724194.jpeg?auto=compress&cs=tinysrgb&dpr=2&h=650&w=940",
    "img5":"https://images.pexels.com/photos/1579739/pexels-photo-1579739.jpeg?auto=compress&cs=tinysrgb&dpr=2&h=650&w=940","destacado":1},
    {"id":6,"name":"Sabores y sentidos","price":"1300","category":"Gastronomía","description":"Explorá un mundo de sabores y sentidos a través de variadas degustaciones para compartir.","location":"Mar del Plata",
    "img":" ",
    "img2":"https://images.pexels.com/photos/842142/pexels-photo-842142.jpeg?auto=compress&cs=tinysrgb&dpr=2&h=650&w=940",
    "img3":"https://images.pexels.com/photos/566345/pexels-photo-566345.jpeg?auto=compress&cs=tinysrgb&dpr=2&h=650&w=940",
    "img4":"https://images.pexels.com/photos/1640774/pexels-photo-1640774.jpeg?auto=compress&cs=tinysrgb&dpr=2&h=650&w=940",
    "img5":"https://images.pexels.com/photos/769289/pexels-photo-769289.jpeg?auto=compress&cs=tinysrgb&dpr=2&h=650&w=940","destacado":0},
    {"id":7,"name":"Día de campo","price":"3500","category":"Escapada","description":"Disfrutá de un entorno natural con actividades al aire libre y gastronomía típica en las mejores estancias rurales con ambiente de época.","location":"Luján",
    "img":"https://images.pexels.com/photos/2714627/pexels-photo-2714627.jpeg?auto=compress&cs=tinysrgb&dpr=2&h=650&w=940",
    "img2":"https://images.pexels.com/photos/1038259/pexels-photo-1038259.jpeg?auto=compress&cs=tinysrgb&dpr=2&h=650&w=940",
    "img3":"https://images.pexels.com/photos/1481284/pexels-photo-1481284.jpeg?auto=compress&cs=tinysrgb&dpr=2&h=650&w=940",
    "img4":"https://images.pexels.com/photos/1297307/pexels-photo-1297307.jpeg?auto=compress&cs=tinysrgb&dpr=2&h=650&w=940",
    "img5":"https://images.pexels.com/photos/447440/summer-sun-sunset-yellow-447440.jpeg?auto=compress&cs=tinysrgb&dpr=2&h=650&w=940","destacado":1},
    {"id":8,"name":"Escapada romántica","price":"5500","category":"Escapada","description":"Rompé con la rutina y disfrutá de una escapada románticaen el medio de la naturaleza en un hotel con encanto.","location":"Bariloche",
    "img":"https://images.pexels.com/photos/1417255/pexels-photo-1417255.jpeg?auto=compress&cs=tinysrgb&dpr=2&h=650&w=940",
    "img2":"https://images.pexels.com/photos/1772973/pexels-photo-1772973.png?auto=compress&cs=tinysrgb&dpr=2&h=650&w=940",
    "img3":"https://images.pexels.com/photos/2598638/pexels-photo-2598638.jpeg?auto=compress&cs=tinysrgb&dpr=2&h=650&w=940",
    "img4":"https://images.pexels.com/photos/1579253/pexels-photo-1579253.jpeg?auto=compress&cs=tinysrgb&dpr=2&h=650&w=940",
    "img5":"https://images.pexels.com/photos/1066801/pexels-photo-1066801.jpeg?auto=compress&cs=tinysrgb&dpr=2&h=650&w=940","destacado":1},
    {"id":9,"name":"Teatro","price":"1200","category":"Cultura","description":"Disfrutá del mejor teatro en la ciudad y degustá de la mejor selección de tapas y tragos.","location":"CABA",
    "img":"https://images.pexels.com/photos/1443447/pexels-photo-1443447.jpeg?auto=compress&cs=tinysrgb&dpr=2&h=650&w=940",
    "img2":"https://images.pexels.com/photos/2102568/pexels-photo-2102568.jpeg?auto=compress&cs=tinysrgb&dpr=2&h=650&w=940",
    "img3":"https://images.pexels.com/photos/262978/pexels-photo-262978.jpeg?auto=compress&cs=tinysrgb&dpr=2&h=650&w=940",
    "img4":"https://images.pexels.com/photos/370984/pexels-photo-370984.jpeg?auto=compress&cs=tinysrgb&dpr=2&h=650&w=940",
    "img5":"https://images.pexels.com/photos/696218/pexels-photo-696218.jpeg?auto=compress&cs=tinysrgb&dpr=2&h=650&w=940","destacado":0},
    {"id":10,"name":"Noche porteña","price":"3000","category":"Cultura","description":"Un recorrido por las mejores disco porteñas, incluye entrada vip y tragos de autor","location":"CABA",
    "img":"https://images.pexels.com/photos/2114365/pexels-photo-2114365.jpeg?auto=compress&cs=tinysrgb&dpr=2&h=650&w=940",
    "img2":"https://images.pexels.com/photos/1587927/pexels-photo-1587927.jpeg?auto=compress&cs=tinysrgb&dpr=2&h=650&w=940",
    "img3":"https://images.pexels.com/photos/1540319/pexels-photo-1540319.jpeg?auto=compress&cs=tinysrgb&dpr=2&h=650&w=940",
    "img4":"https://images.pexels.com/photos/2034851/pexels-photo-2034851.jpeg?auto=compress&cs=tinysrgb&dpr=2&h=650&w=940",
    "img5":"https://images.pexels.com/photos/3039671/pexels-photo-3039671.jpeg?auto=compress&cs=tinysrgb&dpr=2&h=650&w=940","destacado":0}]