[{"name":"Vanesa","surname":"Reyes","email":"reyesvanesa@yahoo.com.ar","password":"$2b$10$8.nWKG1MI9F3buWjBY6o0OsVYk1WkpAwenrrsSpqr7TdP0xjl066.","phone":"1150410534"},{"name":"Alex","surname":"Marino","email":"marinoalexander5@gmail.com","password":"$2b$10$ecJAB9aqK163.ToLeY9q6O35kExqZEqc6gLSy5i.3kPfiLT7IDmXi","phone":"113485922"},{"name":"Cecilia","surname":"Reyes","email":"chechula21@hotmail.com","password":"$2b$10$FuL4Xtzcvzt1zm1QDzaKrOp3OscC28qckCTgIuO57HZQSInFc43Se","phone":"1136920130"},{"name":"Jezabel","surname":"Amin","email":"jezabel@hotmail.com","password":"$2b$10$Qz5qNeXayqrUAES6Dj.zHu/aJho1Cdwg7AuUzoP.Bv/6Kz6jJUWiW","phone":"11322782919"}]